"Coverage type","Probability"
"Man",0.515263285594566
"Zone",0.433755951730294
"Other",0.421908746974328
