"Coverage","Probability"
"Cover-0",0.670825478803042
"Cover-6",0.510233255517134
"2-Man",0.495028379951918
"Cover-1",0.477953589295779
"Red Zone",0.450754197916693
"Cover-3",0.435605161261321
"Cover-2",0.407063192412286
"Bracket",0.39089015229177
"Quarters",0.389205858176651
"Other",0.199837714396177
