"Down","Probability"
"4th/2pc",0.738571901566437
"1st",0.486500213584765
"3rd",0.439910467049615
"2nd",0.43170275523818
